MIT lecture,biology lecture,science lecture,TED talk,hbomberguy,computer science,quantum computing,cosmology lecture,
yalecourses,mit opencourseware,bts,asmr,billie eilish,pewdiepie,baby shark,nature documentary,blackpink,old town road,
music,vevo,peliculas completas en español,minecraft,fortnite,ariana grande,alan walker,calma,musica,wwe,cosmology,black holes,
neutron star,david attenborough,cake recipe,pasta recipe,twitch stream,George Hotz,cs50 lecture,computerphile,talks at google,noam chomsky,periodic table,
summer lecture,big bang,spacex,jared diamond,anthropology,bill nye,howstuffworks,discovery,electrical engineering,fortnite memes,fortnite boogiedown,
fortnite funny moments,fortnite gameplay,chuck palahniuk,max boyle,philosophy,howard stern,ash ketchum,biology,Big Bang Theory,sufjan stevens,
nuclear power,data science,soccer,physics,history of physics,calculus,quantum chromodynamics,steroids,uncertainty principle,electromagnetism,
electrons,energy,elon musk,joseph smith,natural selection,spielberg,economics,rare earth minerals,earth science,evolution,geology,faraday,
chemistry,walmart,Story of Science,coffee,energy drinks,german,university of goettingen,france culture,quantum gravity,electroweak theory,
black holes,Stephen Hawking,Cosmos,Freud,culinary arts,knife skills,animation,cs lewis,ethics,tech,marine biology,electrical engineering,
geology undergrad,Raspberry Pi,microeconomics,sea monkeys,zinc,derivative,qatar,cbc,russ anderson,wall street journal,brewing,beer homebrew,
eigenvalues,juventus,formula-1,berlin wall,Jolt Cola,James Madison,Thomas Jefferson,Lewis and Clark,Ferran Adrià,Game Theory,
applied psychology,economic system,political science,first generation,food stamps,number line,quadratic formula,origami,pie chart,
industry buzzword,marx,segregation,zeitgeist,vermeer,florentijn school,black protestant,Freedom Trail,Ada lovelace,Nietzche,Hegel,
linguistics,tedx youth,Jacob Geller,Stanford lecture,school of life,Gilles Deleuze,Effective Altruism,Peter singer,frantz fanon,
Hannah Arendt,Angela Davis,democracy now,Camus,David Graeber,Hito Steyerl,Foucault,simone de beauvoir,Walter Benjamin,Schopenhauer,
bon appetit,maangchii,fermentation,khan academy,makeup tutorial,James Charles,vsauce,neural network,vox,dude perfect,vortex,plato,
archimedes,Sagan,language of the body,criminal justice,gibran kahlil,psychology,geocities,sand,malala,fetus,pro life,scientific american,
Fahrenheit 451,apocalypse now,Technoprogressive,Elvis,Evolution,Einstein,Catastrophes,3d printing,deepak chopra,Ancient Greek,immunology,
Gaia,League of Extraordinary Gentlemen,Crypto,Cryptography,Mission to Mars,Virtual Reality,agriculture,oil,pesticides,sony,saturn,Banks,
elon musk,spacex,apple,solar,iran,CERN,Health,Sam Harris,Metafilter,life extension,Balkanization,Convergence,Scientific Method,Magic,
Sci-Fi,4chan,Nebula,Science,paradigm,Eugenics,Technology,Drugs,Steel,Shield,Electricity,Data Mining,Economics,Enterprise,Securities,
Protective Social Services,Identity,Social Roots of Violence,Loyalty,movie review,GPT-3,true crime documentary